"sampleID","StromalScore","ImmuneScore","ESTIMATEScore","TumorPurity","Cluster_Hier_k5"
"TCGA-C8-A1HL-01",486.257420260921,54.3242288482952,540.581649109217,0.77483750641807,4
"TCGA-EW-A2FS-01",229.581480438461,289.937220712384,519.518701150845,0.776788311324336,5
"TCGA-D8-A1JU-01",804.484635345703,310.34978482889,1114.83442017459,0.718862336559896,2
"TCGA-B6-A0RL-01",-290.421233423225,-267.256980382043,-557.678213805268,0.866261440457203,5
"TCGA-E9-A3HO-01",152.980752624951,393.31062193426,546.291374559212,0.774307407094667,5
"TCGA-BH-A0B0-01",573.375530708301,491.277504984984,1064.65303569329,0.723963312492945,2
"TCGA-D8-A1XJ-01",394.451382917678,-119.894524213038,274.55685870464,0.79892600899861,3
"TCGA-E9-A1R4-01",400.098507898231,665.220755546085,1065.31926344432,0.723895846618491,2
"TCGA-BH-A0BZ-01",634.479693395921,767.805337699644,1402.28503109557,0.688899662706446,3
"TCGA-C8-A3M8-01",342.833253187087,-234.407293581397,108.42595960569,0.813353522924527,4
"TCGA-E9-A24A-01",604.173784002351,374.54888673507,978.72267073742,0.73260682370401,2
"TCGA-D8-A1JB-01",459.783399807931,829.140735203164,1288.92413501109,0.70086539547376,2
"TCGA-E9-A1N4-01",589.384900042821,597.58122754396,1186.96612758678,0.711461837112974,2
"TCGA-C8-A12X-01",311.624747985918,120.16112567302,431.785873658938,0.784833848054001,3
"TCGA-A7-A13D-01",127.647003054806,-421.290994047715,-293.643990992909,0.846253028876895,1
"TCGA-A8-A07W-01",416.379511385774,240.253933267134,656.633444652908,0.763956714094731,3
"TCGA-AN-A0FN-01",821.922622116647,763.930376904991,1585.85299902164,0.669120213261206,2
"TCGA-E2-A1L6-01",398.81262063581,86.3423712919209,485.154991927731,0.779955056220715,2
"TCGA-GM-A2DA-01",510.761428030466,507.607555691028,1018.36898372149,0.728633304525313,5
"TCGA-A7-A0CH-01",418.087408146967,-64.5214093233106,353.565998823656,0.791897284303147,5
"TCGA-E9-A2JS-01",350.815840087624,-45.7376022452227,305.078237842401,0.796223485701584,4
"TCGA-E2-A15P-01",443.174156046173,-71.4158120141993,371.758344031974,0.790263755969396,2
"TCGA-B6-A0WV-01",134.363388923538,-418.81258311335,-284.449194189812,0.84553316909949,4
"TCGA-A8-A07S-01",404.293003145169,32.9265639447279,437.219567089897,0.784339318799408,5
"TCGA-GM-A2DD-01",530.819239611259,824.970609254184,1355.78984886544,0.693830693188154,3
"TCGA-D8-A141-01",732.74585801164,845.15073085702,1577.89658886866,0.669987692968478,2
"TCGA-AO-A128-01",345.013950101245,1021.93620760595,1366.9501577072,0.692650029568832,1
"TCGA-EW-A2FV-01",402.973351628899,480.160418777284,883.133770406183,0.742084856038716,2
"TCGA-B6-A0I9-01",243.46591068639,258.336522525672,501.802433212062,0.778423405232628,5
"TCGA-E2-A1L9-01",661.985674300499,263.213860327469,925.199534627968,0.737931752837197,2
"TCGA-AR-A1AP-01",446.300550924105,291.772300091149,738.072851015253,0.756188551169052,2
"TCGA-BH-A0H5-01",433.200466714912,993.007914262856,1426.20838097777,0.686349962489716,2
"TCGA-BH-A0E6-01",133.312505938969,284.391360471841,417.70386641081,0.78611314990482,1
"TCGA-D8-A1JA-01",470.323246235364,105.711299431422,576.034545666786,0.771537219312966,3
"TCGA-BH-A0BW-01",245.663497274566,765.248768179573,1010.91226545414,0.729382536263429,1
"TCGA-AO-A0JG-01",505.774513713878,700.587456501212,1206.36197021509,0.709458239453766,2
"TCGA-B6-A0WZ-01",256.050978314322,-265.686522860185,-9.6355445458629,0.823312988041904,5
"TCGA-C8-A135-01",442.309371165252,308.155469273435,750.464840438688,0.75499703107157,3
"TCGA-BH-A0E2-01",449.315053433176,72.4400941139981,521.755147547174,0.776581528504731,4
"TCGA-BH-A0BJ-01",528.358647184251,283.971561361111,812.330208545362,0.749011236571703,2
"TCGA-BH-A203-01",394.005562621971,527.974578843837,921.980141465807,0.738250595978464,3
"TCGA-BH-A0C7-01",355.422238954978,203.933393838097,559.355632793076,0.773092456702179,2
"TCGA-AR-A1AR-01",560.086915303805,768.038744610964,1328.12565991477,0.696749288642888,1
"TCGA-D8-A13Z-01",389.814954381848,455.696992821395,845.511947203243,0.745775250652106,1
"TCGA-A2-A0CU-01",318.313103084497,-150.518888703774,167.794214380723,0.808252828829685,4
"TCGA-BH-A0AZ-01",694.056833560459,61.1114876037278,755.168321164187,0.75454412564796,2
"TCGA-B6-A0IB-01",64.6181761375649,-362.44035064812,-297.822174510555,0.846579629138219,5
"TCGA-A2-A1G1-01",519.53700368213,623.883109874389,1143.42011355652,0.715939123468767,1
"TCGA-B6-A0RS-01",383.917420377801,473.988900105606,857.906320483406,0.744561970252506,3
"TCGA-AR-A24H-01",327.890941517723,535.636843840722,863.527785358445,0.744010874613808,2
"TCGA-A8-A099-01",450.13852943528,222.262949669701,672.401479104982,0.762461155825102,2
"TCGA-AC-A23H-01",364.942691752336,-46.0583892727456,318.88430247959,0.794995771274215,3
"TCGA-A8-A09R-01",485.864482862769,365.546819253254,851.411302116024,0.745198072693528,3
"TCGA-BH-A0HU-01",226.924071616062,61.1015686851442,288.025640301206,0.797735385963295,5
"TCGA-D8-A1XC-01",102.084150112889,-101.542086335648,0.5420637772405,0.822464119285186,5
"TCGA-EW-A1P0-01",469.504515486699,363.031414103865,832.535929590564,0.747042822897134,2
"TCGA-E2-A15M-01",673.640008965797,754.395381221216,1428.03539018701,0.686154895425134,2
"TCGA-E2-A1II-01",289.304921093635,967.615830809494,1256.92075190313,0.704208506853471,1
"TCGA-A8-A09B-01",440.83973803018,-39.1230099258791,401.716728104301,0.787561454778804,2
"TCGA-A2-A0EV-01",567.034478176502,492.13389991641,1059.16837809291,0.724518455808357,2
"TCGA-A2-A25B-01",532.813523706233,393.346651936884,926.160175643117,0.737836580682638,3
"TCGA-AO-A03R-01",192.285204238905,476.914757768182,669.199962007087,0.762765142378952,5
"TCGA-A2-A0ER-01",270.647912205503,179.484855587443,450.132767792946,0.783162066080186,4
"TCGA-BH-A0B8-01",324.734605378412,-74.5037429646753,250.230862413737,0.801068479354791,4
"TCGA-BH-A0BA-01",356.419533485119,254.698149968468,611.117683453587,0.768250783235742,2
"TCGA-A8-A08J-01",456.980973662271,75.0147873728154,531.995761035087,0.775633608204891,3
"TCGA-A8-A0A9-01",502.908176538912,251.145788135198,754.053964674111,0.754651461276096,2
"TCGA-BH-A0BM-01",436.237767287513,-114.735474332028,321.502292955485,0.794762596126256,2
"TCGA-A2-A04T-01",145.676169823452,519.220826646398,664.89699646985,0.763173446953497,1
"TCGA-E2-A14R-01",146.131712618173,612.698313587558,758.830026205732,0.754191285404262,1
"TCGA-AN-A0XW-01",695.085946191003,713.609662561276,1408.69560875228,0.688217268769938,2
"TCGA-A8-A07J-01",734.071330365228,494.857352433445,1228.92868279867,0.707119853020207,2
"TCGA-A2-A0SX-01",448.866560703208,763.158861538948,1212.02542224216,0.70887211730638,1
"TCGA-A7-A26G-01",659.073574573362,538.088326925511,1197.16190149887,0.710409327877502,1
"TCGA-BH-A2L8-01",567.043656423205,831.172025264957,1398.21568168816,0.689332520822818,2
"TCGA-BH-A0BS-01",221.532642771753,-106.355976324313,115.176666447439,0.812776633230534,5
"TCGA-EW-A1P7-01",531.695140498993,903.169709291539,1434.86484979053,0.685425287240481,1
"TCGA-AN-A0AJ-01",430.130366142438,686.499505548192,1116.62987169063,0.718679103153952,3
"TCGA-B6-A0IC-01",-71.3922550860013,-31.1085575079967,-102.500812593998,0.830973351904031,5
"TCGA-BH-A0DO-01",299.167456436591,-166.939373526586,132.228082910005,0.811315931547525,2
"TCGA-E2-A14N-01",106.304962754796,484.848980505033,591.153943259829,0.770123403597884,1
"TCGA-GM-A2DF-01",337.470478091794,553.924782994996,891.395261086789,0.74127143658407,1
"TCGA-BH-A0BG-01",289.283599810701,759.609251078664,1048.89285088937,0.725557254610868,1
"TCGA-A8-A06Z-01",195.670373291864,4.13402973871749,199.804403030582,0.805477140529198,5
"TCGA-AR-A24W-01",462.416665725358,-282.180317391085,180.236348334273,0.80717605508749,2
"TCGA-AN-A0AT-01",126.970719357404,341.552001267145,468.522720624549,0.781480660412898,1
"TCGA-BH-A201-01",469.302122416035,-314.898753809036,154.403368606999,0.809408694195446,2
"TCGA-GM-A2DL-01",625.262193814667,158.685430608081,783.947624422748,0.751765096909649,3
"TCGA-D8-A1XS-01",588.909459597078,283.554672337371,872.464131934449,0.74313376468279,2
"TCGA-A1-A0SB-01",112.862392145419,-631.375838541249,-518.51344639583,0.863375026076573,1
"TCGA-EW-A1P5-01",355.022978283634,408.678494789273,763.701473072906,0.753721537246639,5
"TCGA-BH-A1FN-01",382.210057287394,-97.9760769859882,284.233980301406,0.798070879396552,3
"TCGA-A1-A0SJ-01",386.167965508239,-46.6254879853281,339.542477522911,0.793152631584128,4
"TCGA-BH-A18I-01",685.057537330014,544.35177622435,1229.40931355436,0.707069965078279,2
"TCGA-AN-A0FY-01",451.419721986415,-57.4633732963375,393.956348690077,0.788262918964167,4
"TCGA-D8-A27V-01",498.409999501513,68.7969917447965,567.206991246309,0.772360927749126,2
"TCGA-AO-A03U-01",529.362322719688,642.64979279008,1172.01211550977,0.713002655691854,1
"TCGA-E2-A14Y-01",45.2484264018046,-55.1289978472906,-9.88057144548591,0.823333401994323,3
"TCGA-A8-A06Y-01",39.9367543454575,-260.076728775029,-220.139974429572,0.840455420488693,5
"TCGA-AN-A041-01",519.060001197155,34.7311825346399,553.791183731795,0.773610287392965,4
"TCGA-E9-A1R2-01",390.381308076446,257.887536936818,648.268845013264,0.764748414375378,4
"TCGA-BH-A0B2-01",697.353802954947,736.627431783942,1433.98123473889,0.685519724849771,2
"TCGA-A7-A0CJ-01",258.580199574529,176.215895396653,434.796094971181,0.784559944591871,5
"TCGA-BH-A0H0-01",291.483989511322,182.790726082252,474.274715593575,0.780953581966116,4
"TCGA-AN-A0FW-01",440.002053658466,141.908052714716,581.910106373183,0.770988246372179,4
"TCGA-E2-A1B0-01",436.422055648873,374.755349635237,811.177405284109,0.749123342564302,1
"TCGA-E2-A156-01",145.383248000827,-63.7769274179174,81.6063205829096,0.815637532233004,5
"TCGA-D8-A1JP-01",615.642540160642,241.740793240893,857.383333401535,0.744613215085579,2
"TCGA-C8-A12K-01",359.135783513279,857.87499194101,1217.01077545429,0.708355767536409,1
"TCGA-AR-A2LE-01",407.100747378993,176.017550696385,583.118298075378,0.770875289949876,5
"TCGA-BH-A0HK-01",433.175602765372,49.2656436352155,482.441246400587,0.780204293640248,2
"TCGA-AR-A250-01",653.513091921201,383.755204691178,1037.26829661238,0.726730442470272,3
"TCGA-D8-A1JG-01",462.027231492038,615.9099618289,1077.93719332094,0.722616779365212,3
"TCGA-C8-A134-01",221.746585159619,531.711518588822,753.458103748441,0.754708846749229,1
"TCGA-AN-A0FX-01",254.342295005104,-297.195555090958,-42.8532600858539,0.826070733205177,1
"TCGA-A8-A0AB-01",307.782056010537,-304.780533888343,3.00152212219433,0.822258711405844,2
"TCGA-C8-A275-01",340.725624754937,772.169554823877,1112.89517957881,0.719060188157956,3
"TCGA-BH-A1F8-01",420.504639284643,94.4813663774619,514.986005662105,0.777207149552599,3
"TCGA-D8-A1JK-01",460.115993833811,663.948157443141,1124.06415127695,0.717919872411998,3
"TCGA-A2-A0YJ-01",96.0755510997984,-224.347672581582,-128.272121481783,0.833071890795318,1
"TCGA-A8-A08X-01",566.771429029493,456.885323986509,1023.656753016,0.728101474107468,3
"TCGA-AR-A2LN-01",651.366970351424,146.685243201523,798.052213552947,0.750398207271811,2
"TCGA-E9-A1R6-01",380.722004638797,-86.1880314764367,294.53397316236,0.79715893997433,2
"TCGA-AO-A0J4-01",251.873149759827,598.817860292016,850.691010051843,0.745268574204524,1
"TCGA-A8-A09A-01",547.46808053552,302.273191910945,849.741272446465,0.745361520894692,2
"TCGA-A8-A08O-01",463.985692816025,-312.811806315447,151.173886500578,0.809686987384221,2
"TCGA-A2-A0SY-01",607.518160284181,501.075934839764,1108.59409512394,0.719498799630725,2
"TCGA-EW-A1PA-01",311.361825985375,171.961419095898,483.323245081273,0.78012330217442,4
"TCGA-AO-A126-01",610.161374701048,131.327250169135,741.488624870183,0.755860365774419,5
"TCGA-AO-A0J6-01",-2.6720985709024,599.499151672717,596.827053101814,0.769591931722114,3
"TCGA-A7-A13G-01",370.489271955216,-259.058190087232,111.431081867983,0.813096815219744,2
"TCGA-AR-A1AS-01",358.188568727289,-82.6149765232122,275.573592204077,0.798836239972094,5
"TCGA-C8-A1HJ-01",102.347495936464,-23.1659581093659,79.1815378270984,0.815843408564678,1
"TCGA-D8-A1Y1-01",606.874195146813,163.571949045546,770.446144192359,0.753070520037191,2
"TCGA-B6-A0IE-01",285.50998847806,-195.343744038773,90.1662444392869,0.814909925292768,5
"TCGA-BH-A0DD-01",325.83107180893,212.297179013239,538.12825082217,0.775065116369952,5
"TCGA-A2-A0YT-01",301.602307778317,215.381118673507,516.983426451824,0.777022622698374,2
"TCGA-A2-A0EN-01",672.518711251364,798.949029567249,1471.46774081861,0.681503188086174,2
"TCGA-E2-A10C-01",274.238716177701,519.62226552623,793.86098170393,0.750804719845219,5
"TCGA-A2-A25F-01",725.137026323297,1009.95488280442,1735.09190912772,0.652681030068421,3
"TCGA-A8-A08L-01",278.911884645043,561.11443033498,840.026314980022,0.746311449250142,4
"TCGA-A2-A0D4-01",185.689961394547,-323.254197142581,-137.564235748035,0.833825618268072,4
"TCGA-EW-A1IW-01",420.190437123819,233.272424179999,653.462861303819,0.764256941972494,2
"TCGA-B6-A0IQ-01",35.9430078718758,216.533313693994,252.47632156587,0.800871141874866,1
"TCGA-BH-A1EW-01",407.05393689732,467.720911529147,874.774848426467,0.742906757786835,2
"TCGA-BH-A1FG-01",343.791910416747,106.100742065,449.892652481747,0.783183982266801,5
"TCGA-AR-A0TS-01",358.83930048181,761.992120341672,1120.83142082348,0.718250122263459,1
"TCGA-A8-A06X-01",450.199380260052,393.550531095122,843.749911355174,0.745947535337389,3
"TCGA-D8-A140-01",419.309538734965,436.768574710359,856.078113445325,0.744741087779946,4
"TCGA-A2-A0CZ-01",679.250727117037,410.34554607225,1089.59627318929,0.721432706164142,2
"TCGA-AN-A0XS-01",626.705233556323,559.396229711999,1186.10146326832,0.711551023097229,2
"TCGA-A2-A04Q-01",455.406874055795,989.709411609495,1445.11628566529,0.684328808004302,1
"TCGA-A8-A076-01",554.674924352109,247.8485609486,802.523485300709,0.749964220172125,3
"TCGA-BH-A0BV-01",594.913139912676,480.582400405262,1075.49554031794,0.722864480921296,2
"TCGA-E2-A109-01",342.094874419898,180.218819455549,522.313693875447,0.776529872003028,4
"TCGA-BH-A1FL-01",420.338682248415,116.997008678375,537.33569092679,0.775138623317913,2
"TCGA-E9-A1NI-01",490.426867560863,-84.9489181413136,405.47794941955,0.787221108548144,2
"TCGA-A8-A07R-01",66.6344734991313,-220.865608623516,-154.231135124384,0.835173662005606,1
"TCGA-AN-A03Y-01",354.317588291443,363.17367662828,717.491264919722,0.758161990337627,5
"TCGA-BH-A1FH-01",714.811166077603,-38.4687039510947,676.342462126508,0.762086725189894,2
"TCGA-AN-A0XN-01",740.093132544743,374.087774725119,1114.18090726986,0.718929017916324,2
"TCGA-A1-A0SK-01",-220.700663049523,-621.545920074936,-842.246583124459,0.886368317608028,4
"TCGA-BH-A0AU-01",529.149110740686,351.579525731148,880.728636471835,0.742321458461438,2
"TCGA-AR-A1AQ-01",329.632595115552,761.90825361474,1091.54084873029,0.721235013203099,1
"TCGA-GM-A2DB-01",0.380398141107207,409.275114977735,409.655513118842,0.786842806967226,3
"TCGA-E9-A244-01",281.971770247741,-58.5934113676354,223.378358880106,0.803421606122914,1
"TCGA-AN-A04A-01",517.780310847545,-141.967039230276,375.813271617269,0.789898887173577,4
"TCGA-E2-A14O-01",277.280805093375,95.4681433583501,372.748948451725,0.790174645656442,5
"TCGA-A7-A0D9-01",332.58562171865,-357.100598059191,-24.5149763405416,0.82455070732346,4
"TCGA-AO-A0JJ-01",593.001129641309,621.173555864987,1214.1746855063,0.70864955742923,2
"TCGA-E9-A1RE-01",351.675297914037,34.369938934601,386.045236848638,0.788976955051114,4
"TCGA-AN-A046-01",590.351120752024,682.330892236964,1272.68201298899,0.702564004408641,2
"TCGA-AO-A0JF-01",740.322404291904,424.201207685749,1164.52361197765,0.713772959158944,2
"TCGA-A2-A0T0-01",404.269571159212,248.208099057279,652.477670216491,0.764350197668514,3
"TCGA-A8-A07P-01",504.005315309719,273.413097572979,777.418412882698,0.752396758464213,2
"TCGA-A7-A3J0-01",-24.9992378434689,238.744293105679,213.74505526221,0.804262747188138,4
"TCGA-C8-A26Y-01",12.2162805553523,224.889183611281,237.105464166633,0.802220235688298,3
"TCGA-A7-A26F-01",460.498636937344,351.406659838319,811.905296775663,0.749052560216991,1
"TCGA-BH-A1EV-01",423.042182197616,-207.546191732325,215.495990465291,0.804109982152181,5
"TCGA-AO-A03V-01",260.321595191362,-16.4682957587171,243.853299432645,0.801628483452856,4
"TCGA-AO-A125-01",-155.071645048178,-197.652061643728,-352.723706691905,0.850841543120316,5
"TCGA-E2-A15E-01",311.809893893225,-458.925656379953,-147.115762486728,0.834598771066533,2
"TCGA-E2-A15D-01",460.681659311518,177.989616349282,638.6712756608,0.76565539349035,2
"TCGA-A7-A13F-01",264.79087061849,-81.318822452445,183.472048166045,0.806895588155188,4
"TCGA-D8-A1J9-01",490.373965974035,113.38692530453,603.760891278565,0.768941626765983,3
"TCGA-AO-A0J9-01",645.393021087123,524.100293527549,1169.49331461467,0.713261847859256,5
"TCGA-C8-A12M-01",279.312878973998,299.760718805123,579.073597779121,0.77125334231632,4
"TCGA-C8-A26V-01",342.07174478949,186.538357455087,528.610102244577,0.775947195061547,5
"TCGA-BH-A1FM-01",529.484433062544,-88.6896322135504,440.794800848994,0.784013658788392,3
"TCGA-D8-A1XK-01",162.704964740179,554.350529178286,717.055493918464,0.758203698939863,1
"TCGA-BH-A0HF-01",509.725889472314,291.108021460434,800.833910932748,0.750128250308567,2
"TCGA-E2-A15S-01",17.5314650169467,-332.405566030961,-314.874101014015,0.847909241101079,4
"TCGA-A8-A09T-01",480.336897653136,78.4707217904097,558.807619443545,0.773143478028195,2
"TCGA-D8-A1X9-01",584.385987851381,384.693625667106,969.079613518487,0.733569544932396,3
"TCGA-A8-A09C-01",391.413147457611,-207.475656604679,183.937490852932,0.806855229114045,5
"TCGA-D8-A1XG-01",277.130994746475,-191.301451087397,85.8295436590773,0.815278712519126,2
"TCGA-GM-A2DK-01",413.443717720123,213.193953819228,626.637671539351,0.766790432761697,5
"TCGA-BH-A1FC-01",277.453290810654,659.823813783037,937.27710459369,0.736734142967102,1
"TCGA-A7-A0DC-01",69.428091030605,-463.268175883451,-393.840084852846,0.853997165528224,5
"TCGA-AC-A23C-01",489.913034064538,387.518289967062,877.4313240316,0.742645677591939,2
"TCGA-D8-A1XM-01",624.694606547091,587.622702372507,1212.3173089196,0.708841896082883,2
"TCGA-BH-A1EU-01",677.612609811945,727.725957899926,1405.33856771187,0.688574695518494,2
"TCGA-A2-A0YG-01",256.601749786207,172.155960780533,428.75771056674,0.785109229451262,3
"TCGA-B6-A0IG-01",216.80454660579,31.6223374596277,248.426884065417,0.801226955174119,5
"TCGA-A8-A09G-01",315.116675223946,584.30640216377,899.423077387716,0.74047998018927,3
"TCGA-A2-A0T7-01",464.846185073042,83.089905378387,547.936090451429,0.774154608327749,2
"TCGA-E2-A10B-01",435.020288038104,161.058753970802,596.079042008906,0.769662037924666,2
"TCGA-D8-A1XA-01",432.310329232579,176.00912789374,608.319457126319,0.768513657805895,2
"TCGA-AR-A1AJ-01",525.007128863099,926.754563968064,1451.76169283116,0.683617196559134,1
"TCGA-BH-A0W4-01",446.773362262598,-322.619223560447,124.154138702151,0.812008216347658,2
"TCGA-D8-A1JD-01",633.453202913103,333.733213894704,967.186416807807,0.733758380978803,3
"TCGA-AR-A1AY-01",259.314051562585,-83.4920811726154,175.82197038997,0.807558394872318,1
"TCGA-D8-A1XV-01",202.452196453302,-164.581949752738,37.8702467005641,0.819335044281576,5
"TCGA-AR-A0TU-01",59.3316524730944,568.935466583332,628.267119056426,0.766636879215867,1
"TCGA-A8-A093-01",523.807593639262,-205.539821095529,318.267772543733,0.795050666335511,2
"TCGA-D8-A1JN-01",103.480515173616,309.406508495306,412.887023668922,0.786549972782512,5
"TCGA-AC-A2FG-01",369.328431018851,-84.7180599112577,284.610371107593,0.798037586658514,2
"TCGA-E2-A15R-01",219.175594516678,-375.759713897654,-156.584119380976,0.835363572398444,4
"TCGA-AR-A24P-01",556.049411653602,39.5809234101371,595.630335063739,0.769704087848486,2
"TCGA-AR-A1AU-01",364.612789086811,-273.786359470717,90.8264296160939,0.814853755063808,2
"TCGA-E9-A1NG-01",750.992614605167,320.460543045845,1071.45315765101,0.723274369648071,2
"TCGA-AN-A0FZ-01",394.71460009,-189.446173022553,205.268427067448,0.805001561973084,4
"TCGA-AN-A0FL-01",49.3985138376798,-160.714749424391,-111.316235586712,0.831692525032394,1
"TCGA-A2-A0YD-01",686.357554849442,423.897641114416,1110.25519596386,0.719329439616803,2
"TCGA-EW-A1J2-01",630.504599752938,403.253303358867,1033.75790311181,0.727084306994542,2
"TCGA-C8-A12N-01",597.32764746189,139.848719987022,737.176367448913,0.75627465325306,2
"TCGA-A2-A0CV-01",555.822712435392,324.554578271623,880.377290707015,0.7423560139726,2
"TCGA-A8-A0A1-01",603.128304517014,693.746075436512,1296.87437995353,0.700032502165149,2
"TCGA-A8-A08Z-01",734.092374454583,431.691169289337,1165.78354374392,0.713643416842282,2
"TCGA-AR-A2LL-01",456.78738461589,373.716325653363,830.503710269253,0.747241096448694,2
"TCGA-BH-A0BC-01",519.805598122537,542.803195401278,1062.60879352382,0.724170280442926,2
"TCGA-AR-A0TV-01",298.29609666402,671.618228252407,969.914324916427,0.733486269026727,3
"TCGA-E2-A154-01",427.62483821694,-249.492424473453,178.132413743487,0.807358324153592,5
"TCGA-AC-A3OD-01",384.205673997794,671.039733311784,1055.24540730958,0.724915241043579,2
"TCGA-AR-A1AX-01",505.034250436042,846.078863571304,1351.11311400735,0.694324897611692,2
"TCGA-AO-A124-01",-22.0472715960313,67.0939487236352,45.0466771276039,0.818730650176,1
"TCGA-A8-A09D-01",696.2160304122,343.186742144979,1039.40277255718,0.726515182702946,2
"TCGA-AN-A0XO-01",311.654936520798,-499.47876480796,-187.823828287161,0.837875489716761,2
"TCGA-A2-A0D1-01",231.743816852815,-122.802067276105,108.94174957671,0.813309473650724,3
"TCGA-AO-A0J3-01",89.4260601328402,11.6839903709789,101.110050503819,0.813977810873548,4
"TCGA-A2-A0ST-01",256.287781870497,994.646864999839,1250.93464687034,0.70483209941465,1
"TCGA-A2-A25A-01",654.224184857654,356.313232710947,1010.5374175686,0.72942017694745,2
"TCGA-C8-A1HK-01",248.947583664202,272.829249859349,521.776833523551,0.776579523000058,3
"TCGA-AR-A0TR-01",55.1946769271778,360.079463255656,415.274140182834,0.786333542542721,5
"TCGA-E9-A1R3-01",549.481741528783,342.251973837129,891.733715365911,0.741238089406163,2
"TCGA-E2-A1LG-01",-121.708779512438,76.5696661275865,-45.1391133848516,0.82625978395427,3
"TCGA-E2-A1LK-01",-39.225115448856,-11.1550806813543,-50.3801961302104,0.826692894789606,1
"TCGA-B6-A0RT-01",422.345044030718,1031.16044497363,1453.50548900435,0.683430357520817,1
"TCGA-BH-A0HB-01",344.52399350401,534.92710485055,879.45109835456,0.742447097254134,5
"TCGA-C8-A3M7-01",422.132330997234,62.7528716136909,484.885202610925,0.779979839911546,2
"TCGA-A2-A25E-01",400.312724730813,150.011511083961,550.324235814774,0.773932662532912,4
"TCGA-A8-A07C-01",369.89470591379,587.385216796483,957.279922710273,0.734745575346132,1
"TCGA-E9-A245-01",150.824476685971,-412.806261688522,-261.981785002551,0.843767720358953,4
"TCGA-B6-A0X0-01",74.0133814156673,-121.856665797219,-47.8432843815514,0.826483311412319,5
"TCGA-AR-A2LM-01",654.294841869293,256.186531313969,910.481373183262,0.739388067588292,2
"TCGA-A8-A06Q-01",103.938453192605,-2.36420363981424,101.57424955279,0.813938227292999,5
"TCGA-E9-A1R0-01",476.808107661833,302.17514733443,778.983254996263,0.752245432443768,2
"TCGA-BH-A0DZ-01",587.649536093323,405.561989139066,993.211525232389,0.731157559965261,3
"TCGA-AN-A0XP-01",500.465510934479,-60.7065179051627,439.758993029317,0.784108030416943,5
"TCGA-E2-A1IN-01",605.067430032453,-110.316855618014,494.750574414439,0.77907278083884,2
"TCGA-E2-A1L7-01",291.484113031225,618.638696394651,910.122809425876,0.739423503284241,4
"TCGA-A8-A095-01",344.029077481936,113.467188564934,457.49626604687,0.78248950088643,2
"TCGA-BH-A0EA-01",493.621879119315,-46.6574560752018,446.964423044114,0.783451173992825,2
"TCGA-E2-A15A-01",482.840474389156,492.999212657706,975.839687046863,0.732894802266636,2
"TCGA-E9-A2JT-01",495.391097490339,987.944984828726,1483.33608231906,0.680227233866063,2
"TCGA-BH-A0HQ-01",459.929774589367,-122.537293759299,337.392480830068,0.793344796407643,2
"TCGA-E2-A3DX-01",692.531215668805,736.250628866998,1428.7818445358,0.686075183399917,2
"TCGA-B6-A0I2-01",135.386480737546,788.942988356642,924.329469094187,0.73801793887912,1
"TCGA-EW-A1PF-01",591.15102875579,281.743081930418,872.894110686209,0.743091529651562,2
"TCGA-A8-A084-01",338.414836318079,-114.751576861263,223.663259456815,0.803396705291738,5
"TCGA-AR-A252-01",537.868885145242,900.103287894706,1437.97217303995,0.685093096106161,2
"TCGA-AR-A24L-01",529.308238863745,-95.9014736853692,433.406765178376,0.784686380328077,4
"TCGA-AN-A0XR-01",269.149643834317,-169.837329285435,99.3123145488818,0.81413107329918,5
"TCGA-BH-A18V-01",388.463100921881,499.456501845226,887.919602767107,0.741613779899841,1
"TCGA-BH-A0BQ-01",545.471253880099,399.151319197448,944.622573077547,0.736004634865738,2
"TCGA-B6-A0WY-01",383.810765343833,55.3348024853619,439.145567829195,0.784163910554122,2
"TCGA-BH-A0C0-01",309.010116944866,907.29000294951,1216.30011989438,0.708429395708128,3
"TCGA-A8-A09I-01",457.630411946858,518.911440555653,976.541852502511,0.73282467570037,3
"TCGA-D8-A27L-01",598.832720145912,364.653382350806,963.486102496718,0.734127303518982,2
"TCGA-D8-A1X5-01",540.147908641405,344.67663954736,884.824548188765,0.741918472253975,2
"TCGA-C8-A12O-01",602.265654655372,303.18541823012,905.451072885492,0.739885008648701,2
"TCGA-AO-A0JD-01",40.553981071387,364.211678835001,404.765659906388,0.787285580781651,5
"TCGA-A8-A083-01",165.832608707022,95.2990583255806,261.131667032602,0.800109671072112,5
"TCGA-A2-A0YI-01",579.942150181377,679.377141500963,1259.31929168234,0.703958490347978,2
"TCGA-A2-A0CW-01",167.949619555236,352.237129743549,520.186749298786,0.776726552065498,4
"TCGA-A8-A092-01",387.359281128645,124.001392133201,511.360673261846,0.777541896362836,5
"TCGA-BH-A18Q-01",155.519686783973,317.858813452285,473.378500236258,0.781035742409714,1
"TCGA-AO-A12B-01",184.006646796644,80.930632829782,264.937279626426,0.799774456081271,5
"TCGA-AN-A0FJ-01",198.514216517616,-82.0856248717995,116.428591645816,0.812669560727081,1
"TCGA-GI-A2C8-01",707.652192506036,422.214367829136,1129.86656033517,0.717326703443972,2
"TCGA-AO-A12F-01",414.144139816427,-330.770701827195,83.3734379892319,0.815487429925602,1
"TCGA-BH-A1FD-01",498.951742280004,55.4771054843782,554.428847764383,0.773550972204502,3
"TCGA-EW-A1P6-01",473.985735246598,-1.22293508235513,472.762800164243,0.781092178812821,2
"TCGA-E2-A14X-01",261.825483236188,584.177407205477,846.002890441666,0.745727239335363,1
"TCGA-A8-A09Q-01",548.348117182825,661.718924539825,1210.06704172265,0.709074849515948,3
"TCGA-AC-A2FF-01",713.827935968399,549.566553216936,1263.39448918533,0.703533504067377,2
"TCGA-BH-A0BW-11",415.709063243597,923.243958224696,1338.95302146829,0.69560835853677,1
"TCGA-AN-A0AM-01",355.873781330932,338.429360507355,694.303141838287,0.760377063079041,3
"TCGA-D8-A1XD-01",453.773799532439,-370.552957348363,83.220842184076,0.815500393867641,2
"TCGA-D8-A27R-01",446.333545583199,379.005197607413,825.338743190612,0.747744717350529,4
"TCGA-AQ-A1H2-01",334.852636828691,150.470504987401,485.323141816091,0.77993960882704,5
"TCGA-AR-A24O-01",685.828695870116,384.040666259213,1069.86936212933,0.723434893610974,2
"TCGA-A8-A0AD-01",577.090728232073,217.269080678663,794.359808910736,0.750756352895179,2
"TCGA-A7-A3J1-01",565.917755359783,744.1186374607,1310.03639282048,0.698651512082763,2
"TCGA-D8-A1JH-01",658.010328169913,363.647212939445,1021.65754110936,0.728302601356799,2
"TCGA-BH-A1FR-01",287.288986206245,373.913228620415,661.20221482666,0.763523798546027,4
"TCGA-A8-A06U-01",259.52975947383,358.013935311121,617.543694784952,0.767646612100741,5
"TCGA-BH-A0BT-01",399.232973322986,251.377802203677,650.610775526663,0.764526869349616,5
"TCGA-E9-A1RI-01",719.373598313936,154.486042334516,873.859640648452,0.742996678857329,2
"TCGA-AR-A255-01",625.184571090356,435.319545198848,1060.5041162892,0.724383298974739,2
"TCGA-AN-A03X-01",660.756831323702,72.1482891459045,732.905120469606,0.756684702062577,3
"TCGA-E2-A14Q-01",276.764887304417,112.556992959501,389.321880263918,0.788681342880922,2
"TCGA-A2-A0ET-01",206.802328690064,481.700236423382,688.502565113447,0.760929793527148,5
"TCGA-AO-A12A-01",455.933150156193,195.033357303286,650.966507459479,0.764493209447104,2
"TCGA-D8-A1X7-01",492.386604395508,97.8672960354528,590.25390043096,0.770207672905533,2
"TCGA-A8-A08B-01",95.7717921366957,322.130929865369,417.902722002065,0.786095107927562,5
"TCGA-AN-A0FS-01",548.911454832955,-316.68079388951,232.230660943445,0.802647242507964,2
"TCGA-E9-A226-01",540.971495404637,-179.74436305919,361.227132345447,0.791210062919116,2
"TCGA-E9-A1NF-01",759.154132737803,187.315057770675,946.469190508478,0.735821105213681,3
"TCGA-B6-A0RH-01",425.62597022685,-75.8324992260207,349.793471000829,0.792235320828829,3
"TCGA-BH-A0DL-01",209.706941069727,660.291724671877,869.998665741605,0.743375880054022,1
"TCGA-B6-A0RV-01",260.861332837684,427.942225280256,688.803558117941,0.760901125808135,2
"TCGA-D8-A27F-01",348.110369353486,-90.442404830579,257.667964522907,0.800414552092402,1
"TCGA-E9-A1RB-01",322.499334800016,3.30215809819929,325.801492898215,0.794379426986789,5
"TCGA-AO-A1KR-01",-73.6531030124505,247.530870550705,173.877767538255,0.807726679365493,1
"TCGA-AN-A0AL-01",434.003597959903,472.306283109008,906.309881068911,0.739800195930997,1
"TCGA-E2-A1LI-01",90.5277868356128,441.758066215538,532.285853051151,0.775606730359244,1
"TCGA-E9-A3Q9-01",399.097653809254,349.00496886443,748.102622673684,0.75522435692153,4
"TCGA-B6-A0WW-01",433.850086268704,-42.2272356339258,391.622850634778,0.788473644916664,3
"TCGA-AR-A1AI-01",205.971126924327,809.881136437825,1015.85226336215,0.728886275707551,1
"TCGA-BH-A18R-01",233.74996117289,302.390653419303,536.140614592193,0.775249442314143,2
"TCGA-D8-A1JL-01",504.143079189883,730.518355409416,1234.6614345993,0.706524582334232,1
"TCGA-A7-A0DB-01",556.770515204043,33.1845706416199,589.955085845663,0.770235647377464,2
"TCGA-EW-A1OW-01",389.153225016977,33.5150245509735,422.668249567951,0.785662535855715,1
"TCGA-B6-A2IU-01",187.006023631474,-188.643832777381,-1.63780914590743,0.822646087272185,4
"TCGA-C8-A137-01",356.902360540394,-255.855426953407,101.046933586986,0.813983192741703,3
"TCGA-BH-A18H-01",428.620348198877,775.377659429242,1203.99800762812,0.709702745721182,2
"TCGA-A8-A08R-01",382.387733307118,599.294840099337,981.682573406455,0.73231102527761,1
"TCGA-BH-A0C1-01",485.870884070232,462.393471259979,948.26435533021,0.73564263745322,2
"TCGA-BH-A202-01",407.140825078336,528.784341321831,935.925166400168,0.736868316099186,3
"TCGA-C8-A12V-01",334.459889892831,973.687558254961,1308.14744814779,0.698849865105535,1
"TCGA-A7-A26E-01",551.331090600212,-45.6039433680364,505.727147232176,0.7780616337295,2
"TCGA-AO-A03N-01",328.41506256205,-261.819170353663,66.595892208387,0.81691033254733,5
"TCGA-BH-A0HO-01",476.283188424372,339.491154613864,815.774343038237,0.748676179068826,2
"TCGA-AR-A1AN-01",641.13279770189,183.857495195966,824.990292897856,0.747778678250938,3
"TCGA-A8-A09X-01",536.408847363444,724.852452051173,1261.26129941462,0.703755997427035,3
"TCGA-AR-A254-01",593.053158948732,649.179407606662,1242.23256655539,0.705737653487621,3
"TCGA-D8-A27E-01",366.488306350776,287.157351492067,653.645657842843,0.764239637156566,4
"TCGA-AC-A3HN-01",702.507348511047,495.496613453694,1198.00396196474,0.710322330849141,2
"TCGA-A1-A0SF-01",406.126493628748,445.032957055931,851.159450684679,0.74522272462238,2
"TCGA-EW-A1J5-01",415.427183757733,741.272089277714,1156.69927303545,0.714576886921889,2
"TCGA-D8-A27T-01",680.380879632728,522.747928600157,1203.12880823288,0.709792626123706,2
"TCGA-B6-A1KN-01",382.045788767492,201.337436474475,583.383225241966,0.770850518102031,2
"TCGA-D8-A1JC-01",450.283601792734,336.307149142683,786.590750935417,0.751509194091344,3
"TCGA-AC-A23E-01",711.582988798917,140.531583088465,852.114571887381,0.74512922927102,2
"TCGA-EW-A1OZ-01",506.14636995839,299.673920862787,805.820290821177,0.749644021269917,3
"TCGA-A8-A09W-01",489.635610856194,265.235468573301,754.871079429496,0.754572758162673,3
"TCGA-B6-A0IM-01",441.739295597994,-4.12542744354413,437.613868154449,0.784303413398034,2
"TCGA-E2-A1IG-01",558.973717690572,-106.21557822174,452.758139468832,0.782922375512733,4
"TCGA-BH-A1F0-01",518.83634487132,892.951174589502,1411.78751946082,0.687887922809192,1
"TCGA-EW-A1PD-01",550.136021221749,-105.855645882774,444.280375338975,0.783695957761318,2
"TCGA-D8-A1J8-01",476.947910888178,714.490486459514,1191.43839734769,0.711000360986362,3
"TCGA-AR-A24N-01",508.933323290746,148.488045355718,657.421368646464,0.76388207857138,2
"TCGA-A2-A0EQ-01",321.624334368437,891.470437339592,1213.09477170803,0.708761393162961,3
"TCGA-C8-A131-01",381.02851998757,264.630700635099,645.65922062267,0.764995176596494,3
"TCGA-AR-A24M-01",519.672755522532,-3.65146500028504,516.021290522247,0.777111515621994,2
"TCGA-BH-A1FJ-01",240.667227292119,-265.770877828967,-25.1036505368483,0.824599594298911,5
"TCGA-AR-A1AK-01",509.727096809492,669.783289554889,1179.51038636438,0.712230484306574,2
"TCGA-E2-A1IF-01",448.337914335047,-62.3008182923427,386.037096042705,0.788977689270963,2
"TCGA-E2-A1L8-01",504.535795463091,117.258002118848,621.793797581939,0.767246643767252,5
"TCGA-AO-A0JE-01",624.696465472745,648.094745893297,1272.79121136604,0.702552597713274,3
"TCGA-E2-A158-01",-50.511945177665,-176.913334651536,-227.425279829201,0.841034426105653,1
"TCGA-D8-A27I-01",661.834746624727,510.334727622763,1172.16947424749,0.712986459770567,2
"TCGA-BH-A0H3-01",658.079541385822,284.40426864197,942.483810027791,0.736217132387887,2
"TCGA-AR-A0TX-01",522.564637548942,776.518908139706,1299.08354568865,0.699800893521696,3
"TCGA-A8-A07L-01",395.878942829028,-173.764754937715,222.114187891314,0.803532080027341,4
"TCGA-A2-A0SV-01",522.173595629464,399.934717149258,922.108312778722,0.738237905263635,3
"TCGA-E9-A1RD-01",478.473933031406,30.5356290112015,509.009562042607,0.777758869649057,5
"TCGA-A2-A04U-01",184.792574639895,-297.506502244068,-112.713927604173,0.831806422605111,1
"TCGA-AN-A0FT-01",470.054672057799,152.557076905267,622.611748963067,0.767169633793893,5
"TCGA-A7-A26J-01",548.372537924865,154.458592889969,702.831130814834,0.759563439696883,2
"TCGA-E9-A1NE-01",557.576289814244,951.128038409793,1508.70432822404,0.67749299999049,2
"TCGA-AO-A0JM-01",539.765659419049,148.750386788312,688.516046207361,0.760928509568243,3
"TCGA-E2-A1B4-01",319.065938315119,-161.609639569222,157.456298745897,0.809145447715715,5
"TCGA-BH-A0BR-01",656.606962744831,379.587399909943,1036.19436265477,0.726838720661642,2
"TCGA-BH-A0H9-01",270.340062106821,15.8221464001224,286.162208506944,0.797900296910784,4
"TCGA-B6-A0IJ-01",165.660368458478,723.956231950043,889.616600408521,0.741446654150949,1
"TCGA-AC-A2QH-01",294.962370928118,-488.947712369407,-193.985341441289,0.838368845102749,1
"TCGA-A2-A1FW-01",426.95285765491,126.745313301404,553.698170956313,0.773618938828272,4
"TCGA-E9-A243-01",535.416380683181,949.344297364907,1484.76067804809,0.680073938066345,3
"TCGA-A2-A0EO-01",622.907817481539,326.576878960421,949.484696441959,0.73552128709035,2
"TCGA-AN-A049-01",533.987935505816,353.368494411659,887.356429917474,0.741669232791833,2
"TCGA-A2-A04V-01",562.853544923974,130.941955865397,693.795500789371,0.760425457641642,5
"TCGA-E2-A14T-01",234.807837939621,61.9850650450316,296.792902984653,0.796958695425521,4
"TCGA-E2-A1LL-01",53.9054519782995,-237.754185890279,-183.848733911979,0.837556838206561,3
"TCGA-EW-A1P4-01",240.122694526051,586.969758518173,827.092453044224,0.747573766386661,1
"TCGA-A2-A0T4-01",575.700373574162,409.084481136058,984.78485471022,0.732000849842179,2
"TCGA-BH-A0W3-01",259.00303678549,144.956817111997,403.959853897487,0.787358507199509,5
"TCGA-A8-A08G-01",451.529665492069,252.851465950379,704.381131442448,0.759415432096956,2
"TCGA-EW-A1IX-01",639.589693304641,152.902654952743,792.492348257384,0.750937403691686,2
"TCGA-A1-A0SH-01",708.522454693919,-25.1032031588916,683.419251535027,0.761413723234241,2
"TCGA-C8-A1HG-01",386.36260177841,618.77542156635,1005.13802334476,0.7299621168642,5
"TCGA-E2-A10E-01",322.409969342057,176.707569228021,499.117538570078,0.778670744096853,2
"TCGA-D8-A27N-01",631.21287250002,411.912211239699,1043.12508373972,0.726139620714358,3
"TCGA-A2-A0CS-01",481.991531662301,64.0934380928164,546.084969755118,0.774326579498739,2
"TCGA-A1-A0SG-01",469.28955570342,302.136714729223,771.426270432643,0.752975853678445,2
"TCGA-E9-A22A-01",724.681564860389,631.087836026611,1355.769400887,0.693832854698467,3
"TCGA-E2-A1BD-01",351.890925004001,-144.013639264673,207.877285739328,0.804774309061871,2
"TCGA-E2-A14Z-01",475.913158338928,731.115513463282,1207.02867180221,0.709389266607647,2
"TCGA-A2-A1G4-01",260.481175622984,204.389147695442,464.870323318426,0.781815055112014,4
"TCGA-E9-A1RF-01",608.628189199662,604.892800612496,1213.52098981216,0.708717256198346,3
"TCGA-D8-A1XQ-01",470.616235435611,678.642173863133,1149.25840929874,0.715340539317287,1
"TCGA-AR-A1AH-01",238.514902595754,-213.393758885818,25.121143709936,0.820406522309176,3
"TCGA-A2-A0YC-01",511.660647426569,287.718496902107,799.379144328676,0.750269447471322,2
"TCGA-BH-A1EN-01",468.886192981548,-28.1241252168019,440.762067764746,0.784016641351067,3
"TCGA-BH-A0EB-01",621.15430458611,554.04393669397,1175.19824128008,0.712674654174388,2
"TCGA-D8-A27P-01",348.563013971947,-244.489321518501,104.073692453446,0.813725027697697,2
"TCGA-A8-A0A6-01",396.151614500951,779.995670741008,1176.14728524196,0.712576922981085,2
"TCGA-E2-A15J-01",306.510762480032,-117.337804226677,189.172958253355,0.806400996644043,5
"TCGA-AR-A1AV-01",441.291610726329,9.47511719373167,450.766727920061,0.783104197587779,2
"TCGA-A1-A0SQ-01",305.582520961138,152.417727876802,458.00024883794,0.782443434808967,4
"TCGA-AQ-A04J-01",363.984943565469,728.616182308581,1092.60112587405,0.721127196630935,1
"TCGA-A7-A26H-01",578.845194659077,370.429023547384,949.274218206461,0.73554221866887,2
"TCGA-A8-A08H-01",764.269752665463,829.161588576158,1593.43134124162,0.668293105253063,1
"TCGA-AR-A24S-01",661.811862031532,585.617665353541,1247.42952738507,0.705196986835146,2
"TCGA-E2-A15K-01",373.467701775783,559.934938919317,933.402640695101,0.737118586620056,2
"TCGA-AO-A12G-01",495.480760057161,108.475237972927,603.955998030089,0.768923316733232,5
"TCGA-BH-A0HA-01",645.356122919319,452.286779295671,1097.64290221499,0.720614273740472,5
"TCGA-E2-A153-01",677.147637754988,42.6628825641589,719.810520319147,0.757939957109443,2
"TCGA-D8-A1JJ-01",549.22537146971,104.703799792256,653.929171261966,0.764212796678447,3
"TCGA-C8-A12T-01",556.969861685035,98.4391252906842,655.408986975719,0.764072679670864,4
"TCGA-A8-A079-01",241.491386776891,128.533384899834,370.024771676725,0.790419660124038,5
"TCGA-BH-A204-01",400.08852935774,-161.242946919232,238.845582438508,0.802067711093491,4
"TCGA-BH-A0B4-01",570.857761204879,259.377690120241,830.23545132512,0.747267264174601,3
"TCGA-GM-A2DM-01",296.537481750228,333.362678418783,629.900160169011,0.766482943018215,5
"TCGA-D8-A1XL-01",371.800451602286,727.424592113375,1099.22504371566,0.720453233898994,3
"TCGA-D8-A27H-01",385.321669608513,-203.415153440747,181.906516167766,0.807031309494868,1
"TCGA-BH-A18J-01",463.020698632658,-165.545515256666,297.475183375993,0.796898196931596,2
"TCGA-AR-A0TZ-01",408.023132116413,42.1727036524318,450.195835768845,0.78315630947824,2
"TCGA-AO-A0J7-01",240.436157263344,-186.9654773175,53.470679945844,0.81802002724231,5
"TCGA-D8-A1XY-01",639.815054055295,-69.9114845064465,569.903569548848,0.772109444680547,2
"TCGA-A2-A0YH-01",508.258201974697,624.578743317672,1132.83694529237,0.717022845370316,2
"TCGA-D8-A13Y-01",-78.4602981872265,-672.87423542521,-751.334533612437,0.880111176053171,4
"TCGA-E2-A10A-01",415.531652614818,70.8549015944554,486.386554209273,0.779841905519668,2
"TCGA-C8-A12P-01",525.666342409379,202.164688576799,727.831030986178,0.757171438885689,3
"TCGA-D8-A1JI-01",257.064960344494,132.618553376605,389.683513721098,0.788648705858032,5
"TCGA-D8-A1Y0-01",544.034911275844,617.941372093826,1161.97628336967,0.714034793084341,2
"TCGA-EW-A1PG-01",473.43860749094,-144.60188287698,328.83672461396,0.7941087193526,2
"TCGA-E9-A1RH-01",366.018486081499,3.89955398743324,369.918040068932,0.790429257070846,3
"TCGA-AR-A2LH-01",355.83170279008,839.39175660207,1195.22345939215,0.710609555737356,1
"TCGA-AO-A03L-01",514.456980040342,330.232676416811,844.689656457153,0.745855657099937,2
"TCGA-EW-A1IY-01",572.75172488914,711.283912317113,1284.03563720625,0.701377056447725,2
"TCGA-A2-A0CL-01",578.796605182458,948.612705409552,1527.40931059201,0.675470925034311,2
"TCGA-A2-A0D0-01",-41.3984625348001,437.363072757339,395.964610222539,0.788081489365262,1
"TCGA-A8-A08S-01",329.112817396901,129.625822917887,458.738640314789,0.78237593509109,5
"TCGA-E9-A1R7-01",279.895252185029,-146.70036634629,133.194885838738,0.811232958474131,4
"TCGA-E9-A249-01",300.670036856253,206.684660944516,507.354697800769,0.777911533944022,5
"TCGA-B6-A0I6-01",308.361153092461,-228.990000852036,79.3711522404256,0.815827313065841,1
"TCGA-BH-A0DP-01",510.99211119852,339.853768298515,850.845879497035,0.745253416431682,2
"TCGA-BH-A1F5-01",388.294874950586,-91.5767162512998,296.718158699286,0.796965322591261,4
"TCGA-BH-A0WA-01",222.035904976601,109.65457922059,331.690484197191,0.793854053159204,1
"TCGA-A8-A08F-01",488.174501133646,594.0723740641,1082.24687519775,0.722179342953191,3
"TCGA-E9-A22G-01",-58.4867474275162,67.2386227119431,8.75187528442689,0.821778037970127,1
"TCGA-AN-A0XL-01",620.484593832133,-217.787208962179,402.697384869954,0.787472740023131,2
"TCGA-E9-A1ND-01",357.158650450687,829.539185534099,1186.69783598479,0.711489511333544,1
"TCGA-GM-A2DC-01",266.558210999231,153.162660943546,419.720871942777,0.78593011787004,5
"TCGA-AN-A04C-01",160.750141267124,250.520035860323,411.270177127447,0.786696510890088,3
"TCGA-A2-A04W-01",407.142830664617,-97.1034741114383,310.039356553179,0.795782690729256,3
"TCGA-AN-A0G0-01",284.344258510124,156.777562544343,441.121821054467,0.783983860472481,1
"TCGA-AQ-A04L-01",464.25769514544,-14.0151446451247,450.242550500316,0.783152045494194,5
"TCGA-BH-A0RX-01",434.097867076563,776.162221447707,1210.26008852427,0.709054867849256,1
"TCGA-A2-A3KD-01",350.720159002278,3.47286851504743,354.193027517326,0.791841075996952,2
"TCGA-D8-A1JM-01",-232.191857213133,185.687763736249,-46.5040934768845,0.826372629827799,3
"TCGA-GM-A2DO-01",229.43769510907,1006.97673587404,1236.41443098311,0.706342456869977,5
"TCGA-A2-A0T1-01",616.68424683455,793.200246266328,1409.88449310088,0.688090647259988,3
"TCGA-BH-A1ET-01",533.833176627027,266.289244043531,800.122420670557,0.750197310612774,2
"TCGA-BH-A0EI-01",513.846898277778,-305.697484179022,208.149414098756,0.804750597659825,2
"TCGA-BH-A0GY-01",324.817933641237,261.529927526107,586.347861167343,0.770573232182703,2
"TCGA-D8-A147-01",189.638422559323,411.537802117861,601.176224677185,0.769184128452517,1
"TCGA-E2-A1IL-01",497.00487000269,-161.15012637006,335.85474363263,0.79348218954597,2
"TCGA-C8-A27B-01",197.071206195501,715.859460442745,912.930666638245,0.739145957063856,1
"TCGA-AN-A0AS-01",604.43102704369,106.258264087366,710.689291131056,0.758812668424732,2
"TCGA-A8-A06R-01",591.184889918768,378.558125420939,969.743015339708,0.733503360814186,3
"TCGA-AO-A1KP-01",193.038826054221,-309.860227612014,-116.821401557793,0.832140936973689,4
"TCGA-BH-A1FB-01",642.640136012815,708.496780247424,1351.13691626024,0.694322383185377,2
"TCGA-BH-A18L-01",140.375525217061,72.4888917732792,212.86441699034,0.804339560755708,4
"TCGA-E9-A1RC-01",286.275144469805,-363.552057277883,-77.2769128080785,0.828907872460147,2
"TCGA-A2-A0CT-01",183.637861217439,-110.850820634863,72.7870405825762,0.816385838007105,4
"TCGA-GM-A3NY-01",251.373193663994,-23.6249930416504,227.748200622344,0.803039519485941,5
"TCGA-AR-A2LO-01",487.484882209436,606.684206609792,1094.16908881923,0.720967722915995,2
"TCGA-AO-A0JI-01",120.987100981708,165.069204458703,286.056305440411,0.79790966738228,4
"TCGA-AO-A0JL-01",104.429106666532,-297.595937674884,-193.166831008352,0.8383033460615,1
"TCGA-GM-A2DH-01",226.323516073888,730.444784418633,956.76830049252,0.734796516957794,4
"TCGA-BH-A1ES-01",363.194614566439,-375.247720473674,-12.0531059072349,0.823514356000443,2
"TCGA-AO-A03M-01",345.927993125833,740.300619149762,1086.2286122756,0.721774936353921,2
"TCGA-BH-A18M-01",599.566034593017,141.338294389406,740.904328982423,0.755916518028846,2
"TCGA-A8-A09M-01",377.465584585172,607.183669057345,984.649253642517,0.732014410818595,3
"TCGA-EW-A1OV-01",510.105804736036,980.495419302666,1490.6012240387,0.679445146374811,3
"TCGA-A1-A0SN-01",513.305705821631,499.634486741219,1012.94019256285,0.729178861871945,2
"TCGA-BH-A18F-01",516.956802152516,349.80088937135,866.757691523866,0.743694004265178,2
"TCGA-A2-A0CM-01",480.915577527606,765.418689765593,1246.3342672932,0.705310966535526,1
"TCGA-AR-A0TW-01",439.024887404995,736.249613475655,1175.27450088065,0.712666801580517,3
"TCGA-BH-A0W5-01",534.04462524486,789.339353213915,1323.38397845878,0.697248387984849,2
"TCGA-AR-A24K-01",393.860960150948,-181.796480176592,212.064479974356,0.80440932351647,5
"TCGA-BH-A0HY-01",380.938942450596,-299.22971235484,81.7092300957557,0.81562879240843,3
"TCGA-A2-A0EU-01",325.153219487137,28.0392761948925,353.192495682029,0.791930762802742,4
"TCGA-BH-A0E7-01",395.653113847753,-246.037846478236,149.615267369517,0.809821232706027,2
"TCGA-BH-A0EE-01",-123.339692328889,414.717576433707,291.377884104818,0.797438567106196,5
"TCGA-BH-A1FE-01",601.477688195715,688.977650158363,1290.45533835408,0.700705055851561,2
"TCGA-AC-A2FB-01",451.347302302531,901.618553865233,1352.96585616776,0.694129151985025,2
"TCGA-C8-A12L-01",169.366700253702,176.661556080106,346.028256333808,0.792572459824849,3
"TCGA-C8-A1HN-01",373.21187486553,126.46545951849,499.677334384019,0.778619184356771,4
"TCGA-AN-A04D-01",-63.2686937454601,-410.997160952024,-474.265854697485,0.860079686467883,1
"TCGA-GM-A2D9-01",386.475326761768,65.1638043080428,451.639131069811,0.783024552699033,5
"TCGA-B6-A0IK-01",163.521527078694,196.327341895302,359.848868973997,0.791333770167792,3
"TCGA-AR-A0TP-01",15.3697931742383,-577.430633115232,-562.060839940994,0.866582657369303,1
"TCGA-A2-A0EY-01",367.558924430027,472.482322806805,840.041247236832,0.746309990338449,3
"TCGA-A8-A06O-01",467.080703715697,268.348012215803,735.4287159315,0.756442467465266,2
"TCGA-D8-A27W-01",379.705814002704,276.802622230386,656.508436233089,0.763968554486498,4
"TCGA-A8-A091-01",388.584396241699,201.909491022201,590.4938872639,0.770185204706642,4
"TCGA-D8-A1XT-01",650.609392766072,341.420746138678,992.03013890475,0.731275853368765,1
"TCGA-A8-A08P-01",564.832647839206,761.749609092122,1326.58225693133,0.69691178103522,3
"TCGA-D8-A1X8-01",549.096403077951,381.537544380699,930.63394745865,0.737393164131127,2
"TCGA-C8-A1HM-01",255.325656503054,870.173338989051,1125.4989954921,0.71777323953808,3
"TCGA-AO-A0J5-01",677.129915781273,-9.25256750657395,667.877348274699,0.762890676420319,2
"TCGA-A8-A08T-01",442.942861475084,106.028190453085,548.971051928169,0.774058434342636,2
"TCGA-AC-A2BK-01",-108.658081130903,-167.213800656451,-275.871881787354,0.844860263500531,1
"TCGA-A2-A0YM-01",241.182874214314,376.313361679797,617.496235894111,0.767651076671763,1
"TCGA-A1-A0SO-01",37.7959298440067,-30.1941994614936,7.60173038251309,0.82187422571872,1
"TCGA-AO-A129-01",259.311605846483,655.380449484013,914.692055330496,0.738971786264454,1
"TCGA-A8-A08I-01",157.600409070412,819.472357560064,977.072766630476,0.732771647153203,3
"TCGA-C8-A130-01",422.179991980268,85.5196815368634,507.699673517131,0.77787971308129,5
"TCGA-C8-A1HI-01",333.05633678477,-152.921650546551,180.134686238218,0.807184864097004,2
"TCGA-AO-A1KT-01",476.928955868577,46.4905189366178,523.419474805194,0.776427589755326,4
"TCGA-C8-A12W-01",565.639569566883,241.853641454063,807.493211020946,0.749481473437192,3
"TCGA-E9-A247-01",213.826040081276,-273.71177238,-59.885732298724,0.827477161479909,4
"TCGA-AQ-A1H3-01",530.265999475511,323.211636922881,853.477636398392,0.744995775608734,2
"TCGA-B6-A1KI-01",431.824499469662,-377.308882596172,54.5156168734902,0.817931792360674,2
"TCGA-EW-A1J1-01",345.665674465311,596.175912941259,941.84158740657,0.736280926467487,4
"TCGA-B6-A0RN-01",547.058473228262,-37.8049952513086,509.253477976954,0.777736364070869,5
"TCGA-BH-A0BL-01",636.748638291361,685.401421800767,1322.15006009213,0.697378212239962,1
"TCGA-AN-A0XV-01",519.70736460484,269.69609890679,789.40346351163,0.751236748008442,2
"TCGA-AR-A2LQ-01",719.323526456285,-66.1872090513584,653.136317404927,0.764287853562851,2
"TCGA-AO-A03P-01",394.242266534507,94.9050151146887,489.147281649196,0.779588169038515,4
"TCGA-B6-A0X7-01",506.825568359993,-263.601590306728,243.223978053265,0.801683705130901,2
"TCGA-A8-A07B-01",468.658488517292,25.0669925020224,493.725481019314,0.779167107841677,3
"TCGA-A8-A086-01",533.64604384263,-139.23122607238,394.41481777025,0.788221506158517,4
"TCGA-BH-A1FU-01",573.648937560057,400.055345851453,973.70428341151,0.733108021141481,1
"TCGA-B6-A0RI-01",493.279419620344,-27.0506506582997,466.228768962045,0.78169070906269,2
"TCGA-E9-A248-01",292.984618147869,829.80308782291,1122.78770597078,0.718050291055907,3
"TCGA-A7-A26I-01",540.161996069095,-105.903381746462,434.258614322634,0.784608861802804,1
"TCGA-E2-A14W-01",213.545420042194,-398.656862608363,-185.111442566169,0.837658090365789,5
"TCGA-B6-A0I1-01",-133.118341148878,-354.765932632436,-487.884273781314,0.861097789809119,1
"TCGA-GM-A2DI-01",600.672284102505,949.894165806737,1550.56644990924,0.672960503299045,2
"TCGA-EW-A1PE-01",502.306347596923,599.761764508318,1102.06811210524,0.720163751717765,2
"TCGA-BH-A1F2-01",584.436534571408,-91.3880327858154,493.048501785592,0.77922939241726,3
"TCGA-BH-A0BD-01",437.096536483054,429.299086796153,866.395623279207,0.743729533336368,2
"TCGA-A7-A0DA-01",384.486055995615,-304.691657854102,79.7943981415134,0.815791383380549,1
"TCGA-A2-A25C-01",505.11887701176,296.371129554716,801.490006566476,0.750064559593961,2
"TCGA-E2-A14V-01",218.625388217601,-166.084486163425,52.5409020541762,0.818098521869269,4
"TCGA-B6-A0WX-01",519.974169431734,264.086301472971,784.060470904705,0.751754173625813,1
"TCGA-BH-A0DV-01",735.934074010488,92.104206125602,828.03828013609,0.747481546959765,2
"TCGA-A8-A09V-01",489.084555403479,-252.963213674759,236.12134172872,0.802306472675533,2
"TCGA-BH-A0HP-01",456.88924590753,182.761622249164,639.650868156693,0.765562890706477,2
"TCGA-B6-A0I8-01",410.508644980458,-331.337834086889,79.1708108935684,0.815844319106032,5
"TCGA-E9-A1N8-01",51.1064451902824,-376.319874718769,-325.213429528487,0.848712856430735,1
"TCGA-AR-A24Q-01",456.968417868104,400.189919345785,857.158337213888,0.744635259962834,1
"TCGA-AR-A0U0-01",294.914063854859,783.595521868167,1078.50958572303,0.722558697694727,1
"TCGA-B6-A0RG-01",221.611767430302,-300.847305047085,-79.2355376167834,0.829068663331677,4
"TCGA-A7-A0CE-01",32.4239005611466,-204.3966009299,-171.972700368754,0.836603133417409,1
"TCGA-AC-A2FO-01",587.772520914642,720.976489575882,1308.74901049052,0.698786702484537,2
"TCGA-C8-A12Y-01",394.627388971264,7.35057759681182,401.977966568076,0.787537823531256,5
"TCGA-B6-A0X4-01",-72.8604007991231,-479.05675377199,-551.917154571113,0.865838648343231,5
"TCGA-AC-A2BM-01",423.105287804701,542.960689792863,966.065977597565,0.733870111987813,4
"TCGA-E2-A15G-01",279.851801246269,-24.7188256267972,255.132975619472,0.800637555027084,5
"TCGA-D8-A146-01",601.985542098801,229.910917619325,831.896459718126,0.747105219967095,2
"TCGA-C8-A12U-01",114.293016189238,569.925804852524,684.218821041762,0.761337632581488,4
"TCGA-B6-A0WT-01",458.501827377661,-99.3529562016901,359.148871175971,0.791396586687454,2
"TCGA-C8-A27A-01",139.483039209462,-132.042489578195,7.44054963126723,0.821887703551961,4
"TCGA-A8-A081-01",147.740571050717,621.950188325836,769.690759376553,0.753143468910865,3
"TCGA-AO-A03O-01",286.454460134885,595.780831980113,882.235292114999,0.742173253682957,3
"TCGA-D8-A1XW-01",507.16164160483,455.941583953782,963.103225558612,0.734165464111376,1
"TCGA-E2-A15L-01",458.34789881884,-170.593369083382,287.754529735458,0.79775938255632,2
"TCGA-E2-A105-01",186.002090742773,-185.43402492856,0.568065814212787,0.82246194821997,4
"TCGA-E2-A15H-01",349.930178563696,-143.043280079081,206.886898484616,0.80486059378503,4
"TCGA-BH-A18S-01",317.311218417119,202.060086371716,519.371304788835,0.776801936716687,5
"TCGA-AR-A1AO-01",624.506778970286,946.361286004247,1570.86806497453,0.670753245952331,1
"TCGA-AC-A23G-01",734.973430088602,167.027192925714,902.000623014315,0.740225643772863,2
"TCGA-AN-A0FV-01",415.479205717028,-263.147857845919,152.331347871109,0.809587266731393,3
"TCGA-AR-A24Z-01",258.113846838256,115.271170752781,373.385017591037,0.790117418932661,5
"TCGA-D8-A145-01",514.798029833889,159.706324863579,674.504354697467,0.762261394511411,2
"TCGA-D8-A1XB-01",569.653888489607,-229.87631346854,339.777575021066,0.793131613983655,2
"TCGA-A2-A0YL-01",491.224612340317,227.833274940991,719.057887281308,0.758012019839464,2
"TCGA-C8-A12Q-01",504.892088762697,362.635874642152,867.527963404848,0.743618411956054,1
"TCGA-BH-A0HI-01",480.47010141887,95.1720468590417,575.642148277911,0.771573861850899,2
"TCGA-A2-A0EW-01",664.746085420414,373.663389414277,1038.40947483469,0.726615364659729,2
"TCGA-A2-A0D2-01",354.872283713656,531.296843738862,886.169127452519,0.74178612408505,1
"TCGA-EW-A1J3-01",345.142719309706,15.7704145068451,360.913133816551,0.791238248983692,2
"TCGA-EW-A1P3-01",354.947824345303,-8.17047384605483,346.777350499248,0.792505404888819,5
"TCGA-BH-A1EY-01",643.948304465172,642.413439655057,1286.36174412023,0.701133636467397,2
"TCGA-A2-A259-01",493.983108753377,423.370616824054,917.35372557743,0.738708499508211,2
"TCGA-E2-A1B1-01",663.437522074541,649.939121052327,1313.37664312687,0.698300629880184,2
"TCGA-AR-A2LR-01",366.9653978102,-329.789956152659,37.1754416575408,0.819393512027156,1
"TCGA-D8-A1XF-01",117.90108526442,-11.664378297643,106.236706966777,0.81354043664376,4
"TCGA-AR-A0U4-01",365.498666347844,756.552778764887,1122.05144511273,0.718125505802628,1
"TCGA-C8-A26X-01",513.596871707944,799.067557304031,1312.66442901197,0.698375459691877,3
"TCGA-E9-A1N6-01",578.492507927513,51.2115653633718,629.704073290884,0.766501429183774,3
"TCGA-A8-A08C-01",451.050535000979,181.886938708434,632.937473709413,0.766196518032951,5
"TCGA-BH-A0H7-01",512.99360321997,30.1596767644344,543.153279984404,0.774598819762029,4
"TCGA-BH-A0E1-01",311.058576827889,-263.036179653132,48.0223971747569,0.818479770544771,5
"TCGA-BH-A28Q-01",521.76276459567,188.018756930587,709.781521526256,0.758899448635211,2
"TCGA-A2-A1FX-01",524.352293552149,281.415513757898,805.767807310046,0.749649120053226,4
"TCGA-E2-A10F-01",667.182597976752,526.869975545784,1194.05257352254,0.710730472397729,2
"TCGA-A1-A0SE-01",411.036009565168,-71.7132029679257,339.322806597242,0.793172269202987,2
"TCGA-E2-A1B5-01",457.500769735198,921.973889418315,1379.47465915351,0.691322832797544,2
"TCGA-BH-A0DE-01",538.526425250358,266.016927245623,804.543352495981,0.749768063448111,2
"TCGA-E2-A14P-01",155.291338646235,471.937233059716,627.22857170595,0.766734753425587,3
"TCGA-E9-A227-01",550.190758973107,656.989142587497,1207.1799015606,0.709373620361504,2
"TCGA-A8-A07O-01",200.718211521347,447.507387871738,648.225599393085,0.764752504531732,1
"TCGA-BH-A18T-01",254.633026598631,309.408978946331,564.042005544962,0.772655940150771,1
"TCGA-AO-A0JA-01",605.001140962916,351.703862644495,956.705003607411,0.734802819064788,2
"TCGA-B6-A0IO-01",107.137289250077,177.071787872317,284.209077122393,0.798073082061073,5
"TCGA-E9-A1QZ-01",478.729709551201,762.070744297378,1240.80045384858,0.705886571394203,2
"TCGA-AC-A2B8-01",646.197395662013,447.368781645535,1093.56617730755,0.721029048105915,2
"TCGA-E2-A1LH-01",303.200560204196,769.575371465959,1072.77593167015,0.723140271291497,1
"TCGA-EW-A1OY-01",198.730116126551,40.5239209256736,239.254037052225,0.80203190170516,5
"TCGA-A2-A0CQ-01",250.616268277788,187.348810343989,437.965078621777,0.784271429651921,5
"TCGA-AR-A1AL-01",548.547281663941,191.611490283174,740.158771947116,0.75598815979687,2
"TCGA-E9-A22B-01",518.580544775201,-3.49289711904866,515.087647656152,0.777197761217864,4
"TCGA-C8-A26Z-01",398.014419355433,-151.321544267612,246.69287508782,0.801379231370863,4
"TCGA-E2-A1IH-01",705.511830743578,770.957607924056,1476.46943866763,0.680965712200288,2
"TCGA-E2-A14S-01",333.339265416194,452.483615821053,785.822881237247,0.751583549532843,4
"TCGA-A8-A07E-01",660.037531607408,294.637403181221,954.674934788629,0.73500490770254,2
"TCGA-C8-A1HO-01",313.895464973737,63.107538856642,377.003003830379,0.789791780082413,4
"TCGA-A2-A1FZ-01",633.074256488897,282.608467036482,915.682723525379,0.738873804651939,2
"TCGA-D8-A27M-01",527.530750136699,765.33117123548,1292.86192137218,0.700452979503,1
"TCGA-E9-A228-01",292.793084982538,32.2431835559626,325.036268538501,0.794447651280097,4
"TCGA-AR-A1AW-01",547.400587282273,981.058978704832,1528.4595659871,0.675357237571452,3
"TCGA-EW-A1P8-01",313.907524177914,479.506123220343,793.413647398257,0.750848090551462,1
"TCGA-BH-A0H6-01",487.758186002159,-261.721585678871,226.036600323288,0.803189216360186,2
"TCGA-D8-A1JF-01",540.667483184779,325.945850503814,866.613333688592,0.743708170077992,3
"TCGA-C8-A273-01",489.561944262863,39.5222526262602,529.084196889124,0.77590329495329,4
"TCGA-C8-A132-01",555.331622008106,641.411701716197,1196.7433237243,0.710452568978755,2
"TCGA-A8-A075-01",460.397499446961,430.884269616032,891.281769062992,0.741282618301381,3
"TCGA-A1-A0SD-01",495.387314384647,54.4481848458187,549.835499230466,0.773978091725829,2
"TCGA-AR-A256-01",236.654152828572,142.177579854509,378.831732683081,0.789627099573953,1
"TCGA-A2-A0T3-01",198.399406864966,-266.721359582501,-68.3219527175348,0.828171853581193,4
"TCGA-A7-A0CD-01",417.743922586649,-123.916077920231,293.827844666418,0.797221517290833,4
"TCGA-A8-A07I-01",602.825309175928,389.843541903679,992.668851079607,0.731211901205552,3
"TCGA-BH-A208-01",776.35296079486,45.4641602882334,821.817121083094,0.748087854053496,2
"TCGA-BH-A1F6-01",341.480089756131,554.387678128492,895.867767884622,0.740830622406216,1
"TCGA-E2-A1IK-01",155.158014877978,520.122920942702,675.280935820679,0.762187605322865,4
"TCGA-AR-A24X-01",509.687146560996,232.084383937181,741.771530498177,0.755833175858371,2
"TCGA-E2-A1IE-01",183.232516000096,-452.247853400975,-269.015337400878,0.844321391995276,4
"TCGA-A7-A2KD-01",538.295834137401,479.651406073431,1017.94724021083,0.72867570351957,2
"TCGA-AR-A24T-01",727.610197401633,206.771481500785,934.381678902419,0.737021464067374,2
"TCGA-E2-A150-01",407.783172354798,451.062326358309,858.845498713107,0.744469933959332,1
"TCGA-AR-A251-01",281.836188211766,128.833430947318,410.669619159083,0.786750929400463,1
"TCGA-BH-A0B1-01",412.651123658953,11.904023836759,424.555147495712,0.785491153838652,2
"TCGA-D8-A1JE-01",663.885705539273,238.831180133317,902.71688567259,0.74015494854459,2
"TCGA-A2-A0CP-01",558.296030004708,-58.4841567467674,499.81187325794,0.778606791931066,2
"TCGA-C8-A274-01",204.246626849276,63.7557716978938,268.00239854717,0.799504285548782,5
"TCGA-AO-A0JC-01",376.221981008123,1055.53345252865,1431.75543353678,0.685757559386162,2
"TCGA-AR-A0U2-01",199.416128118589,424.022667076325,623.438795194913,0.767091756297507,4
"TCGA-B6-A0IH-01",542.246588059337,451.545540862577,993.792128921913,0.731099415474138,2
"TCGA-EW-A1PB-01",219.218056559107,833.091050224738,1052.30910678384,0.725212073142938,1
"TCGA-BH-A0E9-01",272.025135813452,189.382438685081,461.407574498534,0.782131879052229,2
"TCGA-E9-A1NH-01",613.077595947176,193.522770105626,806.600366052802,0.749568231564507,2
"TCGA-EW-A2FW-01",382.125829795457,28.6010141718342,410.726843967291,0.786745744338041,4
"TCGA-A2-A04Y-01",376.654114574306,506.317840634114,882.971955208419,0.742100777334444,5
"TCGA-A7-A3IY-01",429.479344191455,246.666855869436,676.146200060891,0.762105377976251,5
"TCGA-AO-A0J8-01",443.149390532532,409.257547749794,852.406938282326,0.745100607044567,2
"TCGA-AO-A12E-01",358.634247533075,38.7804783282316,397.414725861306,0.787950440989909,2
"TCGA-A2-A1G0-01",590.14818553628,449.396505272979,1039.54469080926,0.726500867860103,2
"TCGA-BH-A0DG-01",648.77732152884,429.397562093064,1078.1748836219,0.722592661128851,2
"TCGA-E2-A1IO-01",666.493178153938,416.472342674283,1082.96552082822,0.72210637168481,2
"TCGA-D8-A1XZ-01",541.734159849226,384.518003605166,926.252163454391,0.73782746654168,3
"TCGA-AR-A0TY-01",224.94536154049,18.4024315014772,243.347793041967,0.801672841156657,4
"TCGA-A2-A0SW-01",477.197077735752,670.873960866425,1148.07103860218,0.715462319690886,3
"TCGA-D8-A1X6-01",403.824771211158,373.856534726102,777.681305937261,0.752371338507654,2
"TCGA-EW-A1OX-01",-0.16902595852577,-502.445653127815,-502.614679086341,0.862195150362573,5
"TCGA-BH-A0HW-01",7.10214742492973,-400.131980403121,-393.029832978192,0.853935279965126,5
"TCGA-BH-A0BP-01",595.533707318749,-225.044573863583,370.489133455167,0.790377904018191,2
"TCGA-AO-A03T-01",-16.8321890002629,160.892526240862,144.060337240599,0.810299339225951,5
"TCGA-B6-A1KF-01",141.963533845422,-543.020208021774,-401.056674176352,0.854547822430874,3
"TCGA-D8-A1Y3-01",360.760255446388,501.014901793948,861.775157240336,0.744182746423311,5
"TCGA-A8-A0A2-01",576.450839394881,429.800548860918,1006.2513882558,0.729850405383545,2
"TCGA-B6-A1KC-01",209.384642015563,-146.132943729738,63.2516982858254,0.817193361480071,4
"TCGA-D8-A1JT-01",286.153031081851,160.653704296002,446.806735377853,0.783465558389623,5
"TCGA-A2-A04P-01",270.760194625009,413.841339188175,684.601533813184,0.76130120819082,1
"TCGA-BH-A18K-01",472.44236711685,-156.648851626084,315.793515490766,0.795270905608959,2
"TCGA-A7-A13E-01",345.586382856723,110.764628807997,456.351011664719,0.7825941658731,1
"TCGA-A8-A096-01",673.618402243256,697.352848603853,1370.97125084711,0.69222417718195,2
"TCGA-E2-A1LS-01",136.208996744268,-275.940901172114,-139.731904427846,0.834001225059727,1
"TCGA-A2-A0CX-01",539.332607479196,445.045317305853,984.377924785048,0.732041544573701,3
"TCGA-A1-A0SM-01",516.343518402977,-52.4356241573255,463.907894245652,0.781903132758921,2
"TCGA-A2-A0EM-01",508.858554814178,0.219299354299293,509.077854168477,0.77775256858771,2
"TCGA-AQ-A04H-01",348.542139323048,121.828664385993,470.370803709042,0.781311373847157,4
"TCGA-A2-A0T5-01",327.789462492227,-112.402780324282,215.386682167945,0.804119520602258,2
"TCGA-AR-A24V-01",720.680714764084,218.251732007406,938.93244677149,0.736569818989565,2
"TCGA-A1-A0SI-01",649.091101279402,424.632994206305,1073.72409548571,0.723044132875095,2
"TCGA-B6-A0RP-01",636.794863682023,388.430360749404,1025.22522443143,0.727943636863615,2
"TCGA-BH-A0AW-01",483.789862185159,883.451302928814,1367.24116511397,0.692619218634994,3
"TCGA-E9-A1N9-01",378.681668594988,185.982184998065,564.663853593053,0.772597990053886,2
"TCGA-BH-A0GZ-01",400.876471114416,-220.660158650572,180.216312463844,0.807177791207695,2
"TCGA-E2-A152-01",554.639540398441,68.7561803928758,623.395720791317,0.767095812609472,3
"TCGA-BH-A0BF-01",737.300529055208,910.540323763329,1647.84085281854,0.662330574678259,2
"TCGA-A8-A06N-01",-80.617422732744,89.9089146678687,9.29149193512474,0.821732901226388,5
"TCGA-D8-A27K-01",498.971993025952,436.611816077492,935.583809103444,0.736902189522235,2
"TCGA-BH-A0HX-01",424.112278004743,105.696861232438,529.809139237181,0.77583615964038,4
"TCGA-A2-A0T6-01",776.975726791068,617.282306773962,1394.25803356503,0.689753261311734,2
"TCGA-E2-A15I-01",470.788540332624,567.12123837606,1037.90977870868,0.726665757138961,2
"TCGA-AN-A0FD-01",576.697060235608,186.805957221486,763.503017457094,0.753740681631196,3
"TCGA-AN-A0AK-01",272.044147978104,366.898973432748,638.943121410852,0.765629724720735,3
"TCGA-D8-A1JS-01",68.9406462692882,-87.835583637929,-18.8949373686408,0.824083676245548,5
"TCGA-AO-A1KS-01",400.770247590124,278.901500998648,679.671748588772,0.761770212775989,2
"TCGA-AR-A24U-01",597.699603472565,814.499613599155,1412.19921707172,0.687844058670115,3
"TCGA-A8-A085-01",398.431998695606,-417.267945384046,-18.8359466884405,0.824078771083891,2
"TCGA-BH-A0C3-01",679.947709811124,499.531164755916,1179.47887456704,0.712233731195244,2
"TCGA-AO-A1KQ-01",363.054109013137,492.300728091154,855.354837104292,0.744811935555344,5
"TCGA-E9-A1N3-01",161.461885458861,-287.417447032876,-125.955561574015,0.832883742217833,4
"TCGA-AO-A0J2-01",204.07084608509,475.040285674853,679.111131759943,0.761823522878443,3
"TCGA-A2-A0T2-01",306.945523337819,168.223148528551,475.16867186637,0.780871615159358,3
"TCGA-BH-A0B5-01",472.592526345332,300.615237336308,773.20776368164,0.75280374667054,2
"TCGA-BH-A18N-01",359.070555105664,-23.1186291241648,335.951925981499,0.793473507732373,2
"TCGA-B6-A0RO-01",171.602164994821,-138.592187584722,33.0099774100995,0.819743856511492,5
"TCGA-E9-A295-01",366.396972174783,-53.1081225070756,313.288849667707,0.795493744791499,4
"TCGA-E2-A1IU-01",193.97531719697,204.287384064572,398.262701261543,0.787873792076709,2
"TCGA-E9-A1N5-01",645.302581313626,477.234307674023,1122.53688898765,0.718075914894481,2
"TCGA-E2-A1IJ-01",686.342574779519,525.175304274167,1211.51787905369,0.708924663972088,2
"TCGA-BH-A209-01",410.492814681233,888.11857561474,1298.61139029597,0.699850400414667,3
"TCGA-C8-A26W-01",455.288606946107,480.844381609797,936.132988555904,0.73684769267278,2
"TCGA-E2-A1AZ-01",540.590499192787,728.175620083346,1268.76611927613,0.702972933349547,1
"TCGA-AN-A0FK-01",356.901397712216,59.4305732967158,416.331971008932,0.786237602409142,5
"TCGA-D8-A1XO-01",627.529850457017,313.139624227101,940.669474684118,0.736397339399808,2
"TCGA-D8-A27G-01",616.052485528951,500.550396409727,1116.60288193868,0.718681857941655,2
"TCGA-AR-A0TT-01",614.915211099325,933.620020679437,1548.53523177876,0.673181015352149,3
"TCGA-A8-A0A4-01",399.84744736699,-307.081215647001,92.7662317199892,0.814688667508443,2
"TCGA-BH-A0DQ-01",648.353073868067,-37.3553643272727,610.997709540794,0.768262056638871,2
"TCGA-GI-A2C9-01",244.079378501165,-30.7707040622064,213.308674438959,0.80430081213293,1
"TCGA-A7-A3IZ-01",248.591932110993,-5.392504229608,243.199427881385,0.801685859220181,5
"TCGA-AO-A12D-01",556.029236047003,699.063055161541,1255.09229120854,0.704399041410258,3
"TCGA-EW-A1PC-01",142.04844425377,-295.765752750161,-153.717308496391,0.835132177578022,4
"TCGA-E2-A1LA-01",452.211968005707,701.496160968993,1153.7081289747,0.714883969165472,5
"TCGA-D8-A143-01",53.7459812134956,308.245345094768,361.991326308264,0.791141458057339,3
"TCGA-B6-A0I5-01",288.164159646873,191.000650047809,479.164809694682,0.780505045102237,5
"TCGA-AR-A24R-01",432.390479195447,423.262793632159,855.653272827606,0.744782703614392,2
"TCGA-A2-A0YF-01",319.529402536359,243.06477391113,562.594176447489,0.772790838579849,5
"TCGA-BH-A0DS-01",542.174364404541,446.090811560407,988.265175964948,0.731652696167773,5
"TCGA-E9-A1R5-01",522.943933388825,-64.3039901877853,458.63994320104,0.782384957974615,2
"TCGA-E2-A159-01",338.00223948784,794.979687070435,1132.98192655827,0.717008010898007,1
"TCGA-A8-A0A7-01",649.155943293938,981.357757903958,1630.5137011979,0.664233994043954,3
"TCGA-B6-A0X5-01",221.015476273816,-160.133173687482,60.8823025863333,0.817393771200373,5
"TCGA-B6-A0RE-01",160.825141398442,-62.1471285256617,98.6780128727804,0.814185135904932,1
"TCGA-EW-A1PH-01",101.998863984905,85.1104235735338,187.109287558438,0.806580098902103,1
"TCGA-BH-A0DH-01",322.963923221429,194.282279172362,517.246202393791,0.776998341810858,2
"TCGA-E9-A22H-01",292.828905204232,347.979009948501,640.807915152734,0.765453610528882,5
"TCGA-E2-A155-01",225.551851156551,-58.677327973983,166.874523182568,0.808332314270027,4
"TCGA-B6-A0X1-01",61.2654599538999,528.926662290336,590.192122244236,0.770213456587271,1
"TCGA-A8-A07U-01",418.417273841491,876.371934381915,1294.78920822341,0.700251043761926,3
"TCGA-A1-A0SP-01",150.415068046864,358.810117528633,509.225185575497,0.777738974598643,1
"TCGA-A8-A07F-01",484.797425935851,369.589175318335,854.386601254186,0.744906764940546,2
"TCGA-E2-A1LB-01",443.656256493687,-1.0883181740317,442.567938319655,0.783852067572545,3
"TCGA-BH-A0AV-01",583.804531511166,-0.818389108554341,582.986142402611,0.770887646647003,1
"TCGA-EW-A2FR-01",679.892677087108,113.652022232162,793.54469931927,0.750835384920992,3
"TCGA-C8-A133-01",-5.79246346747676,17.5328958601538,11.740432392677,0.82152799250368,5
"TCGA-AO-A12C-01",588.249992435397,-280.107248392989,308.142744042408,0.795951254430599,2
"TCGA-A8-A09N-01",434.293951569759,252.954690556043,687.248642125801,0.761049205939332,5
"TCGA-A2-A0SU-01",359.546936498413,238.144684500385,597.691620998798,0.769510889850977,2
"TCGA-AO-A12H-01",306.744981571403,1.15277512794443,307.897756699348,0.795973023474429,5
"TCGA-BH-A0DI-01",716.385107345938,369.151285829339,1085.53639317528,0.721845259553234,2
"TCGA-E9-A229-01",723.298810833387,295.015892155438,1018.31470298883,0.728638761667984,2
"TCGA-A2-A04N-01",562.51567986892,27.1908137668956,589.706493635816,0.770258918993759,2
"TCGA-B6-A0RM-01",211.767486574295,-17.5821103972702,194.185376177025,0.805965669826415,4
"TCGA-BH-A0E0-01",50.2079173469644,162.984031384886,213.191948731851,0.804310993408636,3
"TCGA-A2-A0YE-01",202.991706025422,-200.940375442382,2.05133058303971,0.822338081759035,1
"TCGA-AQ-A0Y5-01",618.301921873179,-80.2858219716238,538.016099901555,0.775075518583031,3
"TCGA-A2-A0D3-01",318.753180894197,473.750630828359,792.503811722556,0.750936292477867,5
"TCGA-BH-A1EX-01",582.123159746207,419.77650522356,1001.89966496977,0.730286932568432,2
"TCGA-A7-A0CG-01",577.528246683965,605.87087555704,1183.399122241,0.711829682735237,2
"TCGA-GM-A2DN-01",331.695354436412,743.905678289497,1075.60103272591,0.722853780814457,2
"TCGA-BH-A0BO-01",598.29814483444,264.98159477882,863.279739613261,0.744035202258657,2
"TCGA-A8-A06T-01",542.072471392199,488.701424307557,1030.77389569976,0.72738495747479,2
"TCGA-C8-A278-01",579.004267200722,696.592046961976,1275.5963141627,0.702259519100857,3
"TCGA-D8-A1Y2-01",714.444954753916,820.482066630184,1534.9270213841,0.674656798395226,3
"TCGA-A8-A06P-01",665.38178153189,66.7806405833421,732.162422115232,0.756755972334263,2
"TCGA-E9-A1NA-01",547.078873369927,299.370062685716,846.448936055643,0.745683615380408,3
"TCGA-AR-A0TQ-01",351.810232239706,631.002182339735,982.812414579441,0.732198077930341,4
"TCGA-D8-A142-01",553.775755597361,274.950998581745,828.726754179106,0.747414410743843,1
"TCGA-BH-A0DT-01",496.251474940773,415.654012046625,911.905486987398,0.739247306807053,2
"TCGA-BH-A0DX-01",670.206598169306,430.864139263814,1101.07073743312,0.720265319027922,2
"TCGA-B6-A0RU-01",200.487330457205,-345.799503807958,-145.312173350753,0.83445290430222,1
"TCGA-BH-A18U-01",441.154170314618,263.751242153655,704.905412468273,0.759365360266946,3
"TCGA-EW-A1J6-01",189.629813567116,534.540880243772,724.170693810888,0.757522299402417,5
"TCGA-E2-A106-01",116.868641786874,-297.462277442409,-180.593635655534,0.837295690655022,4
"TCGA-E2-A1BC-01",593.077546427187,-180.637969928839,412.439576498348,0.78659053026859,2
"TCGA-AN-A0XU-01",1.97675861690648,263.880556057712,265.857314674619,0.799693377907332,1
"TCGA-C8-A1HE-01",359.704456198088,139.992660626123,499.697116824211,0.778617362207892,5
"TCGA-BH-A0W7-01",575.779300182921,701.360355654919,1277.13965583784,0.702098219174786,2
"TCGA-E2-A15C-01",490.353111472904,242.15015364016,732.503265113064,0.756723265726544,2
"TCGA-AR-A0U3-01",141.769376795753,140.889051396802,282.658428192555,0.798210214602899,5
"TCGA-BH-A0DK-01",543.574850887996,750.731293740027,1294.30614462802,0.700301663081972,2
"TCGA-A2-A04R-01",336.309907403463,-334.287577670088,2.0223297333751,0.822340503974494,4
"TCGA-HN-A2NL-01",-9.39696487391594,326.456063095808,317.059098221892,0.795158266302586,1
"TCGA-D8-A1XU-01",521.980312528703,97.8618443471176,619.842156875821,0.767430345702657,2
"TCGA-BH-A1EO-01",788.966428818891,449.32476011083,1238.29118892972,0.706147421507658,2
"TCGA-B6-A0IN-01",476.302922072925,561.530245653884,1037.83316772681,0.726673482723365,5
"TCGA-A2-A3KC-01",571.660736300479,181.552662438603,753.213398739082,0.754732411839027,2
"TCGA-AN-A0FF-01",451.578426998204,427.904805702034,879.483232700238,0.742443937339441,2
"TCGA-A8-A097-01",553.101398513165,177.06558424412,730.166982757284,0.756947412666354,2
"TCGA-B6-A0IP-01",282.514342070638,205.157003808235,487.671345878873,0.779723837166869,2
"TCGA-A2-A04X-01",370.46584471995,753.200345215311,1123.66618993526,0.717960536144335,3
"TCGA-A8-A094-01",436.992707260825,694.225953758001,1131.21866101883,0.71718840605248,3
"TCGA-C8-A12Z-01",276.799505661569,-176.281778680489,100.517726981081,0.814028314506525,3
"TCGA-A8-A082-01",340.379902306721,8.00495677808294,348.384859084804,0.792361476904386,2
"TCGA-E9-A22D-01",417.988343130015,926.159409150633,1344.14775228065,0.695060341360103,3
"TCGA-B6-A0WS-01",551.437864552599,688.504430946811,1239.94229549941,0.705975791844268,2
"TCGA-AR-A2LK-01",517.388764069468,210.806870059291,728.195634128759,0.757136477988761,2
"TCGA-C8-A138-01",497.066326218136,593.6043039086,1090.67063012674,0.721323490208569,5
"TCGA-A8-A07G-01",617.70132860833,150.254048131984,767.955376740314,0.753311022867668,2
"TCGA-BH-A0B7-01",487.40011231331,743.140573244818,1230.54068555813,0.70695251837474,1
"TCGA-A2-A0EX-01",583.731945586796,209.501954375277,793.233899962073,0.750865516814742,2
"TCGA-D8-A1XR-01",409.63592728521,-67.1562559111755,342.479671374035,0.792889980091642,5
"TCGA-BH-A18P-01",422.790452862364,326.320910061161,749.111362923525,0.755127292840109,2
"TCGA-E9-A22E-01",770.588382347634,381.883584656202,1152.47196700384,0.715010838019254,3
"TCGA-BH-A0B3-01",373.969381033534,454.267520570172,828.236901603706,0.747462179266146,1
"TCGA-E2-A15O-01",139.849588878233,57.1618622086652,197.011451086898,0.805720033804683,4
"TCGA-A2-A25D-01",410.314764726198,824.517624566832,1234.83238929303,0.706506823259081,2
"TCGA-BH-A18G-01",345.777287746882,181.88391105137,527.661198798252,0.776035050119346,1
"TCGA-B6-A0IA-01",51.3756125475246,-193.996143024667,-142.620530477142,0.834235106685963,5
"TCGA-A8-A090-01",517.282318033152,443.342382331681,960.624700364833,0.734412437749509,2
"TCGA-AN-A0XT-01",272.870897556782,-163.614749255272,109.256148301511,0.813282621218702,4
"TCGA-A2-A0YK-01",559.023521091923,791.409898339447,1350.43341943137,0.694396695722486,1
"TCGA-A8-A09K-01",198.094423319035,608.919354754239,807.013778073274,0.749528061742196,3
"TCGA-A2-A1FV-01",337.398187530625,-471.3261681059,-133.927980575276,0.833530849030901,4
